編號,單位,行政區,地址,備註
1,良陽國際有限公司,士林區,臺北市士林區士東路250號,檢驗站
2,駿輝機車行,士林區,臺北市士林區大南路295號,檢驗站
3,新天母機車行,士林區,臺北市士林區中山北路6段405巷83號,檢驗站
4,北大機車材料行,士林區,臺北市士林區中正路411、413號,檢驗站
5,巨揚機車行,士林區,臺北市士林區中正路605號,檢驗站
6,社子清潔分隊(葫蘆),士林區,臺北市士林區中正路臨707-1號(重陽橋下),清潔隊
7,好發達車業,士林區,臺北市士林區天母東路8巷99號,檢驗站
8,銘豐機車行,士林區,臺北市士林區文林路314號,檢驗站
9,文昌國小地下停車場,士林區,臺北市士林區文林路615巷20號地下,公有停車場
10,富偉機車行,士林區,臺北市士林區文林路679號,檢驗站
11,瑞展機車商行,士林區,臺北市士林區文林路752號,車行
12,卉茂實業有限公司,士林區,臺北市士林區文林路764號,檢驗站
13,新鎰昌機車行,士林區,臺北市士林區至誠路1段2-6號,檢驗站
14,金晉車業行,士林區,臺北市士林區延平北路5段111號,車行
15,台益機車有限公司,士林區,臺北市士林區延平北路5段129號,檢驗站
16,原益車業行,士林區,臺北市士林區延平北路5段14號,檢驗站
17,力泰車業有限公司,士林區,臺北市士林區延平北路5段220號,檢驗站
18,日輝車業有限公司,士林區,臺北市士林區延平北路5段41號1樓,檢驗站
19,嘉盛車業行,士林區,臺北市士林區延平北路6段139號,檢驗站
20,社子國小地下停車場,士林區,臺北市士林區延平北路6段308號地下,公有停車場
21,福安里辦公室,士林區,臺北市士林區延平北路7段107巷10號,里辦公室
22,得勝機車行,士林區,臺北市士林區延平北路8段175號,車行
23,中華汽車社子服務廠,士林區,臺北市士林區延平北路六段434號,中華汽車服務廠
24,文發機車行,士林區,臺北市士林區社中街462號,車行
25,捷運淡水線芝山站,士林區,臺北市士林區福國路70號,捷運站
26,名山里貓頭鷹之家,士林區,臺北市士林區雨聲街68號,里辦公室
27,德龍車業行,士林區,臺北市士林區故宮路41巷1號,檢驗站
28,福元機車有限公司,士林區,臺北市士林區重慶北路4段232號,檢驗站
29,益隆車業有限公司,士林區,臺北市士林區重慶北路4段244號,檢驗站
30,草山清潔分隊,士林區,臺北市士林區格致路34號,清潔隊
31,進?車業行,士林區,臺北市士林區通河東街1段198號1樓,檢驗站
32,盟業車業行,士林區,臺北市士林區通河街169號,檢驗站
33,永生車業有限公司,士林區,臺北市士林區華齡街71號,檢驗站
34,捷運淡水線劍潭站,士林區,臺北市士林區中山北路5段65號,捷運站
35,正大機車行,士林區,臺北市士林區德行東路206號,車行
36,誠鎰車業行,士林區,臺北市士林區德行東路23號,檢驗站
37,永景機車材料行,士林區,臺北市士林區中山北路6段405巷79號1樓,檢驗站
38,學生機車行有限公司,士林區,臺北市士林區華岡路31之3號1樓,檢驗站
39,承德公園地下停車場,士林區,臺北市士林區基河路150號,公有停車場
40,福林公園地下停車場,士林區,臺北市士林區中正路17號,公有停車場
41,甲翊機車行,大同區,臺北市大同區大龍街230號,車行
42,泰源機車行,大同區,臺北市大同區民生西路177號,車行
43,建成清潔分隊,大同區,臺北市大同區民權西路194之1號,清潔隊
44,忠億車業有限公司,大同區,臺北市大同區西寧北路17-4號,檢驗站
45,弘展機車有限公司,大同區,臺北市大同區西寧北路93號,檢驗站
46,順旺車業有限公司,大同區,臺北市大同區延平北路1段24號,檢驗站
47,加祥車業有限公司,大同區,臺北市大同區延平北路2段256號,檢驗站
48,新協大車業有限公司,大同區,臺北市大同區延平北路3段67-1號,檢驗站
49,大華車業有限公司,大同區,臺北市大同區承德路1段47號,檢驗站
50,小緯機車行,大同區,臺北市大同區承德路2段149號,檢驗站
51,長豐車業行,大同區,臺北市大同區承德路3段160號,檢驗站
52,弘達車業有限公司,大同區,臺北市大同區承德路3段162號,檢驗站
53,大龍清潔分隊,大同區,臺北市大同區承德路3段303之1號(承德橋下),清潔隊
54,國真車業有限公司,大同區,臺北市大同區承德路3段312號,車行
55,瑞明機車行,大同區,臺北市大同區長安西路199號,檢驗站
56,國真機車有限公司,大同區,臺北市大同區哈密街63巷1號,檢驗站
57,吉財機車行,大同區,臺北市大同區哈密街83號,檢驗站
58,良星車業有限公司,大同區,臺北市大同區重慶北路2段39號,檢驗站
59,家樂福重慶店,大同區,臺北市大同區重慶北路二段171號,大賣場
60,進益機車行,大同區,臺北市大同區庫倫街31號,車行
61,旭盛機車,大同區,臺北市大同區酒泉街211號,車行
62,立偉成有限公司,大同區,臺北市大同區寧夏路127號,檢驗站
63,直屬夜勤清潔分隊,大同區,臺北市大同區鄭州路臨50號,清潔隊
64,翊翔機車行,大同區,臺北市大同區錦西街53巷2號,檢驗站
65,磬葉企業有限公司,大同區,臺北市大同區錦西街56號,檢驗站
66,雄偉機車行,大同區,臺北市大同區環河北路1段335號,檢驗站
67,延平清潔分隊,大同區,臺北市大同區環河北路1段臨63-1號,清潔隊
68,樺新車業行,大同區,臺北市大安區市民大道4段64號,檢驗站
69,大龍國小地下停車場,大同區,臺北市大同區哈密街47號,公有停車場
70,啟聰學校地下停車場,大同區,臺北市大同區延平北路4段205號,公有停車場
71,建成公園地下停車場,大同區,臺北市大同區承德路2段31號,公有停車場
72,蓬萊國小地下停車場,大同區,臺北市大同區寧夏路35號,公有停車場
73,蘭州清潔分隊,大同區,臺北市大同區敦煌路151之1號,清潔隊
74,建成國中地下停車場,大同區,臺北市大同區長安西路37號之一,公有停車場
75,金理車業有限公司,大安區,臺北市大安區八德路2段35號,檢驗站
76,萬聯車業行,大安區,臺北市大安區市民大道4段22號,檢驗站
77,盛昌機車行,大安區,臺北市大安區辛亥路1段58號,檢驗站
78,台大清潔分隊,大安區,臺北市大安區辛亥路1段臨138號 ,清潔隊
79,和平清潔分隊,大安區,臺北市大安區辛亥路1段臨143號,清潔隊
80,宏立機車事業有限公司,大安區,臺北市大安區和平東路2段141號,檢驗站
81,福全車業,大安區,臺北市大安區和平東路3段228巷88號,車行
82,車王二輪社,大安區,臺北市大安區延吉街64-1號,檢驗站
83,敦化清潔分隊,大安區,臺北市大安區忠孝東路3段31號(建國北路橋孔下),清潔隊
84,致盛機車行,大安區,臺北市大安區金華街118-4號,檢驗站
85,新生清潔分隊,大安區,臺北市大安區建國南路1段臨173號(近濟南路3段),清潔隊
86,典輪機車行,大安區,臺北市大安區建國南路2段161號,檢驗站
87,龍門國中地下停車場,大安區,臺北市大安區建國南路2段269號地下停車場,公有停車場
88,大安森林公園地下停車場,大安區,臺北市大安區建國南路2段2號,公有停車場
89,瑞安清潔分隊,大安區,臺北市大安區建國南路2段臨263號,清潔隊
90,東貿機車有限公司,大安區,臺北市大安區基隆路2段233號,檢驗站
91,臥龍清潔分隊,大安區,臺北市大安區基隆路3段臨24號,清潔隊
92,信全車業有限公司,大安區,臺北市大安區通化街168號,檢驗站
93,迅誠機車行,大安區,臺北市大安區通化街171巷11號,檢驗站
94,福元車業行,大安區,臺北市大安區富陽街2號,車行
95,建維機車行,大安區,臺北市大安區潮州街86號,檢驗站
96,捷運木柵線麟光站,大安區,臺北市大安區和平東路3段410號,捷運站
97,立暉機車行,大安區,臺北市大安區新生南路2段82-1號1樓,檢驗站
98,崇盛機車行,大安區,臺北市大安區瑞安街152號,檢驗站
99,鎰揚企業有限公司,大安區,臺北市大安區羅斯福路3段93號,檢驗站
100,嘉興公園地下停車場,大安區,臺北市大安區嘉興街373號,公有停車場
101,皇信機車行,大安區,臺北市大安區濟南路三段68號,檢驗站
102,小林機車行,大安區,臺北市大安區建國南路2段79巷3號,檢驗站
103,宏興車業有限公司,大安區,臺北市大安區和平東路3段127號,檢驗站
104,异城車業有限公司,中山區,臺北市中山區八德路2段329號,檢驗站
105,材洋車業,中山區,臺北市中山區八德路2段61號,車行
106,運輪機車行,中山區,臺北市中山區八德路2段88巷20號,檢驗站
107,正良機車有限公司,中山區,臺北市中山區八德路二段70號,車行
108,中山區清潔隊大直分隊,中山區,臺北市中山區大直街21巷2號,清潔隊
109,永盛公園地下停車場,中山區,臺北市中山區中山北路2段93巷30號,公有停車場
110,臺北市中山運動中心,中山區,臺北市中山區中山北路二段44巷2號B1,運動中心
111,泓原彰車業行,中山區,臺北市中山區中原街23號,檢驗站
112,德剛車行有限公司,中山區,臺北市中山區天津街27號,檢驗站
113,大昌機車有限公司,中山區,臺北市中山區北安路458巷3號,檢驗站
114,英銓機車行,中山區,臺北市中山區北安路656號,車行
115,旭峰機車行,中山區,臺北市中山區北安路670巷9號,車行
116,東和藝品有限公司(77號單車店),中山區,臺北市中山區民生東路2段77號,商店
117,展欣豪車業有限公司,中山區,臺北市中山區民權東路2段126號,檢驗站
118,朝日車業行,中山區,臺北市中山區民權東路2段133號,檢驗站
119,達誠車業有限公司,中山區,臺北市中山區吉林路12-3號,檢驗站
120,長安國小地下停車場,中山區,臺北市中山區吉林路15號地下停車場,公有停車場
121,偉恆有限公司,中山區,臺北市中山區吉林路486號,檢驗站
122,民一清潔分隊,中山區,臺北市中山區建國北路3段96之1號,清潔隊
123,偉翔機車行,中山區,臺北市中山區長安東路1段45號,檢驗站
124,匠香房COFFEE HOUSE,中山區,臺北市中山區南京東路三段89巷5弄2號,商店
125,中山區清潔隊長安分隊,中山區,臺北市中山區建國北路1段臨5-1號,清潔隊
126,溝一清潔分隊,中山區,臺北市中山區建國北路2段63號對面,清潔隊
127,榮星公園地下停車場,中山區,臺北市中山區建國北路3段39號,公有停車場
128,中山清潔分隊,中山區,臺北市中山區新生北路2段臨30-1號,清潔隊
129,新星機車行,中山區,臺北市中山區新生北路3段89之1號,檢驗站
130,中華汽車市民服務廠,中山區,臺北市中山區新生北路一段25號之5,中華汽車服務廠
131,濱江國中地下停車場,中山區,臺北市中山區樂群2路266巷1號地下停車場,公有停車場
132,家樂福大直店,中山區,臺北市中山區樂群三路218號,大賣場
133,名佳車業行,中山區,臺北市中山區錦州街310號,檢驗站
134,民二清潔分隊,中山區,臺北市中山區錦州街臨306號,清潔隊
135,東舜機車行,中山區,臺北市中山區龍江路16號,車行
136,農安機車有限公司,中山區,臺北市中山區龍江路375號,檢驗站
137,旭順車業行,中山區,臺北市中山區中原街55號,檢驗站
138,興羨機車行,中山區,臺北市中山區興安街65號,檢驗站
139,永全機車行,中山區,臺北市中山區中山北路2段137巷36-2號,檢驗站
140,展欣重車開發有限公司,中山區,臺北市中山區長春路131-1號,檢驗站
141,公館清潔分隊,中正區,臺北市中正區水源路臨2號,清潔隊
142,興珍機車行,中正區,臺北市中正區汀州路1段204號,車行
143,世輪機車行,中正區,臺北市中正區汀州路2段76號,檢驗站
144,慶發車業有限公司,中正區,臺北市中正區汀洲路1段182號,檢驗站
145,忠豪車業有限公司,中正區,臺北市中正區忠孝東路2段31號,檢驗站
146,河堤里辦公室,中正區,臺北市中正區金門街11之1號,里辦公室
147,網溪里辦公室,中正區,臺北市中正區牯嶺街165號,里辦公室
148,后里車業有限公司,中正區,臺北市中正區牯嶺街47號,檢驗站
149,松大車業有限公司,中正區,臺北市中正區牯嶺街61-3號,檢驗站
150,紘益機車行,中正區,臺北市中正區牯嶺街77號,檢驗站
151,隆發車業有限公司,中正區,臺北市中正區重慶南路3段135號,檢驗站
152,立豐機車行,中正區,臺北市中正區重慶南路3段32號,檢驗站
153,鉍勝車業有限公司,中正區,臺北市中正區師大路146號,檢驗站
154,泉州清潔分隊,中正區,臺北市中正區惠安街47號,清潔隊
155,台北市立大學(博愛校區),中正區,臺北市中正區愛國西路1號,校園停車場
156,一成機車有限公司,中正區,臺北市中正區新生南路1段134-1號,檢驗站
157,國裕機車行,中正區,臺北市中正區濟南路2段73號,檢驗站
158,三之三車業有限公司,中正區,臺北市中正區重慶南路3段56號,檢驗站
159,鎧詮機車行,內湖區,臺北市內湖區內湖路1段31號,檢驗站
160,欣隆機車行,內湖區,臺北市內湖區內湖路1段411巷11號,車行
161,玟樺機車行,內湖區,臺北市內湖區內湖路1段91巷7號,檢驗站
162,國生機車行,內湖區,臺北市內湖區內湖路2段67號,車行
163,吉川二輪工作室,內湖區,臺北市內湖區內湖路3段59巷17號,車行
164,中華汽車內湖1服務廠,內湖區,臺北市內湖區內湖路一段411巷56號,中華汽車服務廠
165,坤達機車行,內湖區,臺北市內湖區文湖街75號,檢驗站
166,家樂福內湖店,內湖區,臺北市內湖區民善街88號,大賣場
167,文德清潔分隊,內湖區,臺北市內湖區民權東路6段臨10之2號,清潔隊
168,四維通車業有限公司,內湖區,臺北市內湖區民權東路6段128號,檢驗站
169,中華汽車內湖2服務廠,內湖區,臺北市內湖區民權東路6段13-15號,中華汽車服務廠
170,葉陽車業行,內湖區,臺北市內湖區民權東路6段320號,檢驗站
171,誠鴻機車行,內湖區,臺北市內湖區民權東路6段60號,檢驗站
172,安泰里辦公室,內湖區,臺北市內湖區安泰街49巷1號1樓,里辦公室
173,內湖垃圾焚化廠,內湖區,臺北市內湖區安康路290號,焚化廠
174,百鉅機車行,內湖區,臺北市內湖區成功路2段314號,檢驗站
175,日盛車業有限公司,內湖區,臺北市內湖區成功路3段73號,檢驗站
176,柏成機車行,內湖區,臺北市內湖區成功路4段331號,車行
177,大湖公園地下停車場,內湖區,臺北市內湖區成功路5段7號,公有停車場
178,春琳國際車業有限公司,內湖區,臺北市內湖區江南街28號,檢驗站
179,東湖國小地下停車場,內湖區,臺北市內湖區東湖路115號地下停車場,公有停車場
180,峻東機車行,內湖區,臺北市內湖區東湖路119巷49弄30號,檢驗站
181,成功車業行,內湖區,臺北市內湖區金龍路9號,檢驗站
182,巨豐機車行,內湖區,臺北市內湖區康寧路3段16巷115號,檢驗站
183,國祥機車行,內湖區,臺北市內湖區康樂街32號,檢驗站
184,正倫車業行,內湖區,臺北市內湖區康樂街69號,檢驗站
185,祥昊機車,內湖區,臺北市內湖區港華街30號,車行
186,通龍車業行,內湖區,臺北市內湖區港墘路34號,檢驗站
187,陽光國際車業有限公司,內湖區,臺北市內湖區陽光街118號,車行
188,新翔發機車,內湖區,臺北市內湖區環山路2段10巷2號,車行
189,法仕德車業有限公司,內湖區,臺北市內湖區新明路363號,檢驗站
190,米德車業行,內湖區,臺北市內湖區環山路2段21號,檢驗站
191,內湖車業有限公司,內湖區,臺北市內湖區文德路18號,檢驗站
192,千豐車業行,內湖區,臺北市內湖區安康路191號,檢驗站
193,冠頡車業行,內湖區,臺北市內湖區康樂街200號1樓,檢驗站
194,興陽機車行,內湖區,臺北市內湖區五分街39號,檢驗站
195,新三和機車行,內湖區,臺北市內湖區文德路22巷1號,檢驗站
196,康樂合署大樓地下停車場,內湖區,臺北市內湖區康樂街150號,公有停車場
197,宏淞車業有限公司,內湖區,臺北市內湖區金龍路87號,檢驗站
198,元土車行,文山區,臺北市文山區木柵路1段212號,檢驗站
199,光輝機車行,文山區,臺北市文山區忠順街1段36、38號,檢驗站
200,鳳翔車業行,文山區,臺北市文山區木柵路1段57-6號,檢驗站
201,慧昌機車行,文山區,臺北市文山區木柵路3段102巷7號,檢驗站
202,木柵垃圾焚化廠,文山區,臺北市文山區木柵路5段53號,焚化廠
203,順利機車行,文山區,臺北市文山區木新路2段285號,檢驗站
204,拓源機車行,文山區,臺北市文山區木新路3段73號,檢驗站
205,興隆公園地下停車場,文山區,臺北市文山區仙岩路128號,公有停車場
206,中華汽車辛亥服務廠,文山區,臺北市文山區辛亥路四段202巷2號,中華汽車服務廠
207,東和機車行,文山區,臺北市文山區指南路1段4號,檢驗站
208,嘉聰車行,文山區,臺北市文山區指南路2段128號,車行
209,景美國小地下停車場,文山區,臺北市文山區景文街142巷2號地下停車場,公有停車場
210,景東里里辦公室,文山區,臺北市文山區景興路153巷1號,里辦公室
211,三育機車有限公司,文山區,臺北市文山區景隆街54號,檢驗站
212,威烝車業行,文山區,臺北市文山區景興路28-1號,檢驗站
213,祥騰機車行,文山區,臺北市文山區景興路94號,檢驗站
214,景美清潔分隊,文山區,臺北市文山區溪洲街臨220號,清潔隊
215,德勝機車,文山區,臺北市文山區興隆路1段139號,車行
216,臺北花木批發市場地下停車場,文山區,臺北市文山區興隆路1段15號,公有停車場
217,達成車業有限公司,文山區,臺北市文山區興隆路2段177號,檢驗站
218,騰暉車業行,文山區,臺北市文山區興隆路2段18號,檢驗站
219,鋒權輪有限公司,文山區,臺北市文山區興隆路2段241號,檢驗站
220,鴻吉機車行,文山區,臺北市文山區興隆路3段117號,檢驗站
221,高旺企業股份有限公司,文山區,臺北市文山區羅斯福路5段182號,檢驗站
222,展嘉輪業有限公司,文山區,臺北市文山區羅斯福路5段48號,檢驗站
223,弘偉車業有限公司,文山區,臺北市文山區羅斯福路6段317號,檢驗站
224,福星機車行,文山區,臺北市文山區木新路2段123號,檢驗站
225,水源快速道路高架橋下停車場,文山區,臺北市文山區溪洲街128號,公務單位停車場
226,三光機車行,文山區,臺北市文山區景興路7號1樓,檢驗站
227,龍杰車業行,文山區,臺北市文山區木柵路1段206號,檢驗站
228,公務人員訓練中心,文山區,臺北市文山區萬美街二段21巷20號,公有停車場
229,萬興國小地下停車場,文山區,臺北市文山區秀明路2段116號,公有停車場
230,合展車業行,文山區,臺北市文山區羅斯福路6段73、75號,檢驗站
231,吉全機車行,文山區,臺北市文山區興隆路4段111-2號,檢驗站
232,永建國小地下停車場,文山區,臺北市文山區木柵路1段311巷1號,公有停車場
233,興隆D2區公共住宅地下停車場,文山區,臺北市文山區興隆路4段105巷45號,公有停車場
234,關渡清潔分隊,北投區,臺北市北投區大度路3段臨250號,清潔隊
235,中華汽車北投服務廠,北投區,臺北市北投區大業路262號,中華汽車服務廠
236,汶吉車業行,北投區,臺北市北投區大業路560號,檢驗站
237,阿國機車行,北投區,臺北市北投區大業路663號,檢驗站
238,大利車業行,北投區,臺北市北投區中央北路1段203號,檢驗站
239,大發車業,北投區,臺北市北投區中央北路2段167號,檢驗站
240,聯盈機車材料行,北投區,臺北市北投區中央北路4段545號,檢驗站
241,聯螢車業有限公司,北投區,臺北市北投區中央南路1段156號,檢驗站
242,福盛全有限公司,北投區,臺北市北投區中央南路1段210號,檢驗站
243,義成機車行,北投區,臺北市北投區中央南路一段225巷4號,車行
244,福盛車業行,北投區,臺北市北投區中央南路二段123號,車行
245,雄大車業行,北投區,臺北市北投區中和街453-11號,檢驗站
246,展悅機車行,北投區,臺北市北投區公館路146號,檢驗站
247,振興公園地下停車場,北投區,臺北市北投區天母西路112號,公有停車場
248,捷運淡水線北投站,北投區,臺北市北投區光明路1號,捷運站
249,光明清潔分隊,北投區,臺北市北投區北投路1段臨30號,清潔隊
250,捷運淡水線石牌站,北投區,臺北市北投區石牌路1段200號,捷運站
251,進山車業有限公司,北投區,臺北市北投區石牌路1段24號,檢驗站
252,順達機車行,北投區,臺北市北投區立農街2段206號,檢驗站
253,金展機車行,北投區,臺北市北投區自強街62號,檢驗站
254,欣民機車行,北投區,臺北市北投區行義路21號,檢驗站
255,裕民機車行,北投區,臺北市北投區西安街2段185號,檢驗站
256,捷運淡水線奇岩站,北投區,臺北市北投區三合街2段489號,捷運站
257,捷運淡水線忠義站,北投區,臺北市北投區中央北路4段301號,捷運站
258,立農公園地下停車場,北投區,臺北市北投區承德路7段372號,公有停車場
259,石牌清潔分隊,北投區,臺北市北投區承德路7段393巷200號,清潔隊
260,捷運淡水線明德站,北投區,臺北市北投區明德路95號,捷運站
261,聯誠機車行,北投區,臺北市北投區東華街2段14號,檢驗站
262,銘洋機車行,北投區,臺北市北投區東陽街423號,車行
263,北投垃圾焚化廠,北投區,臺北市北投區洲美街271號,焚化廠
264,友盛機車,北投區,臺北市北投區致遠一路1段4號,車行
265,和?車業有限公司,北投區,臺北市北投區致遠一路1段92號,檢驗站
266,僑王機車行,北投區,臺北市北投區致遠二路116號,檢驗站
267,石牌國小地下停車場,北投區,臺北市北投區致遠二路80號地下停車場,公有停車場
268,唭哩岸機車行,北投區,臺北市北投區致遠二路89號,檢驗站
269,眾欣機車行,北投區,臺北市北投區崇仁路1段25號,車行
270,捷運淡水線復興崗站,北投區,臺北市北投區中央北路3段53巷10號,捷運站
271,舜益車業行,北投區,臺北市北投區懷德街30號,車行
272,草山車業,北投區,臺北市北投區東陽街470號1樓,檢驗站
273,浩成機車行,北投區,臺北市北投區崇仁路1段40號,檢驗站
274,臺北市北投區戶政事務所,北投區,臺北市北投區新市街30號地下停車場(要從清江路25巷進去),公務單位停車場
275,七星公園地下停車場,北投區,臺北市北投區七星街3號,公有停車場
276,隆大車業行,北投區,臺北市北投區承德路7段344巷15號,檢驗站
277,嘉麟車業行,北投區,臺北市北投區中和街486號,車行
278,百傑車業行,北投區,臺北市北投區中央北路2段303號,檢驗站
279,陽明山立體停車場,北投區,臺北市北投區湖山路1段51號,公有停車場
280,重輪車業有限公司,北投區,臺北市北投區崇仁路1段21號,檢驗站
281,日星車業行,松山區,臺北市松山區八德路3段198號,檢驗站
282,賢旻車業有限公司,松山區,臺北市松山區八德路4段303號,檢驗站
283,尚勇車業行,松山區,臺北市松山區八德路4段332號,檢驗站
284,群億車業商行,松山區,臺北市松山區八德路4段336號,檢驗站
285,家樂福三民店,松山區,臺北市松山區三民路160號,大賣場
286,尚益車業有限公司,松山區,臺北市松山區五常街281-2號,檢驗站
287,峻旺機車行,松山區,臺北市松山區市民大道4段99號,檢驗站
288,新光機車行,松山區,臺北市松山區民生東路5段57號,檢驗站
289,民有市場地下停車場,松山區,臺北市松山區民權東路3段140巷15號,公有停車場
290,松春來車業有限公司,松山區,臺北市松山區民權東路5段30號,檢驗站
291,千翔車業行,松山區,臺北市松山區光復北路109號,檢驗站
292,松山清潔分隊,松山區,臺北市松山區南京東路5段372號,清潔隊
293,永承車業行,松山區,臺北市松山區健康路230號,檢驗站
294,佳昇機車行,松山區,臺北市松山區健康路44號,檢驗站
295,老羅機車行,松山區,臺北市松山區塔悠路206號,檢驗站
296,國盛機車行,松山區,臺北市松山區撫遠街189號,檢驗站
297,崑宏機車行,松山區,臺北市松山區撫遠街362號,檢驗站
298,山崎動機車業,松山區,臺北市松山區龍江路384巷31號,車行
299,祥瑞車業行,松山區,臺北市松山區光復南路46號,檢驗站
300,偶戲博物館地下停車場,松山區,臺北市松山區市民大道5段99號,公有停車場
301,八德立體停車場,松山區,臺北市松山區八德路4段580號,公有停車場
302,松山國小地下停車場,松山區,臺北市松山區八德路4段746號,公有停車場
303,體育局田徑場地下停車場,松山區,臺北市松山區敦化北路3號,公務單位停車場
304,生暉機車行,信義區,臺北市信義區中坡南路271號,車行
305,吉安運動器材有限公司,信義區,臺北市信義區中坡南路287號,檢驗站
306,府前地下停車場,信義區,臺北市信義區市府路1號,公有停車場
307,俊明機車行,信義區,臺北市信義區吳興街469號,檢驗站
308,旭宏車業行,信義區,臺北市信義區和平東路3段285號,檢驗站
309,松宏車業有限公司,信義區,臺北市信義區忠孝東路5段205號,檢驗站
310,三張犁與五分埔分隊,信義區,臺北市信義區忠孝東路5段255巷臨6號,清潔隊
311,春光公園地下停車場,信義區,臺北市信義區忠孝東路5段666號,公有停車場
312,三沅行車業股份有限公司,信義區,臺北市信義區忠孝東路5段713號,檢驗站
313,勵瑩車業有限公司,信義區,臺北市信義區松山路348號,檢驗站
314,東勝機車行,信義區,臺北市信義區松仁路167號,檢驗站
315,忠信地下停車場,信義區,臺北市信義區松仁路2號,公有停車場
316,三張里公園停車場,信義區,臺北市信義區松平路81號,公有停車場
317,帛林機車行,信義區,臺北市信義區松信路45號,車行
318,豪信機車行,信義區,臺北市信義區松隆路217號,檢驗站
319,大仁車業有限公司,信義區,臺北市信義區松隆路80號,檢驗站
320,信義廣場地下停車場,信義區,臺北市信義區信義路5段11號,公有停車場
321,世貿機車材料行,信義區,臺北市信義區信義路6段19號,檢驗站
322,昇輪機車行,信義區,臺北市信義區信義路6段47號,檢驗站
323,光明車業有限公司,信義區,臺北市信義區基隆路2段165號,檢驗站
324,益昇機車行,信義區,臺北市信義區莊敬路214號,檢驗站
325,臺北市災害應變中心地下停車場,信義區,臺北市信義區莊敬路391巷11弄2號,公有停車場
326,裕進車業行,信義區,臺北市信義區富陽街63號,檢驗站
327,駿杰車業,信義區,臺北市信義區嘉興街216巷7號,車行
328,勝鎰車業有限公司,信義區,臺北市信義區嘉興街219巷4號,檢驗站
329,春崇車業行,信義區,臺北市信義區福德街268巷1號,檢驗站
330,翔偉機車行,信義區,臺北市信義區福德街66號,檢驗站
331,摩都車業行,信義區,臺北市信義區吳興街378號1樓,檢驗站
332,松山工農地下停車場,信義區,臺北市信義區忠孝東路5段236巷15號,公有停車場
333,信義國小地下停車場,信義區,臺北市信義區松勤街60號,公有停車場
334,展旗車業行,信義區,臺北市信義區松山路225巷1號,檢驗站
335,景勤二號公園地下停車場,信義區,臺北市信義區信安街49號,公有停車場
336,大慶機車材料行,信義區,臺北市信義區莊敬路325巷33號,檢驗站
337,亞帝車業有限公司,南港區,臺北市南港區中坡南路43號,檢驗站
338,友誠車業,南港區,臺北市南港區八德路四段832號,車行
339,力鼎機車行,南港區,臺北市南港區永吉路548號,檢驗站
340,玉成清潔分隊,南港區,臺北市南港區向陽路49號,清潔隊
341,中華汽車南港服務廠,南港區,臺北市南港區成功路一段36巷20號,中華汽車服務廠
342,民豐機車行,南港區,臺北市南港區成福路137號,檢驗站
343,嘉駿機車行,南港區,臺北市南港區成福路155號1樓,檢驗站
344,家育車業行,南港區,臺北市南港區成福路200之1號1樓,檢驗站
345,三漾輪業行,南港區,臺北市南港區忠孝東路6段240號1樓,檢驗站
346,政賢機車行,南港區,臺北市南港區忠孝東路7段564號,檢驗站
347,易展機車行,南港區,臺北市南港區忠孝東路7段589號,車行
348,大輝車業有限公司,南港區,臺北市南港區忠孝東路7段600號,檢驗站
349,中盛機車有限公司,南港區,臺北市南港區東新街4號,檢驗站
350,益群車業有限公司,南港區,臺北市南港區東新街69號,檢驗站
351,南港清潔分隊,南港區,臺北市南港區松河街699號,清潔隊
352,興揚機車有限公司,南港區,臺北市南港區南港路3段16巷2-1號,車行
353,昱泰車行,南港區,臺北市南港區南港路3段21號,車行
354,儀弘機車行,南港區,臺北市南港區研究院路1段185號,檢驗站
355,季祥車業行,南港區,臺北市南港區研究院路1段45號,檢驗站
356,高陞機車行,南港區,臺北市南港區研究院路2段72號,檢驗站
357,惠展車業,南港區,臺北市南港區福德街354號,檢驗站
358,興中立體停車場,南港區,臺北市南港區興中路44巷1號,公有停車場
359,南港國小地下停車場,南港區,臺北市南港區興東街59號,公有停車場
360,正鑫車業行,南港區,臺北市南港區舊莊街1段185號,車行
361,祥明機車行,南港區,臺北市南港區忠孝東路6段298號1樓,檢驗站
362,玉成公園地下停車場,南港區,臺北市南港區成福路118號,公有停車場
363,世貿公園地下停車場,南港區,臺北市南港區經貿二路88巷1號,公有停車場
364,玉成國小地下停車場,南港區,臺北市南港區昆陽街23號,公有停車場
365,技專機車行,南港區,臺北市南港區昆陽街157巷11號,車行
366,祥銘機車行,南港區,臺北市南港區興中路80巷14號1樓,檢驗站
367,景隆機車有限公司,南港區,臺北市南港區忠孝東路7段597號,檢驗站
368,信元車業行,萬華區,臺北市萬華區中華路2段40號,車行
369,良江企業有限公司,萬華區,臺北市萬華區中華路2段98號,檢驗站
370,東石機車行,萬華區,臺北市萬華區民和街70號,車行
371,艋舺公園地下停車場,萬華區,臺北市萬華區西園路1段145號,公有停車場
372,欣利機車有限公司,萬華區,臺北市萬華區西園路2段288之1號,檢驗站
373,承鋒車業行,萬華區,臺北市萬華區西園路2段67-2號,檢驗站
374,德客隆機車行,萬華區,臺北市萬華區西藏路170號1樓,檢驗站
375,萬華國中地下停車場,萬華區,臺北市萬華區西藏路201號地下停車場,公有停車場
376,協合國際行銷有限公司,萬華區,臺北市萬華區和平西路2段151號,檢驗站
377,豪成機車行,萬華區,臺北市萬華區和平西路2段190巷5號,檢驗站
378,昆明清潔分隊,萬華區,"臺北市萬華區和平西路3段251號1,2樓",清潔隊
379,周威佑議員服務處,萬華區,臺北市萬華區和平西路3段70-3號,議員服務處
380,鑫東園車業有限公司,萬華區,臺北市萬華區東園街105號,檢驗站
381,東龍旺車業有限公司,萬華區,臺北市萬華區東園街133號,檢驗站
382,大理清潔分隊,萬華區,臺北市萬華區長順街臨131號,清潔隊
383,俊展車業,萬華區,臺北市萬華區青年路114號,車行
384,正勝車業行,萬華區,臺北市萬華區青年路152巷35號,車行
385,青年公園棒球場地下停車場,萬華區,臺北市萬華區青年路69號,公有停車場
386,永振億實業有限公司,萬華區,臺北市萬華區南寧路62、64號,檢驗站
387,峨嵋立體停車場,萬華區,臺北市萬華區峨眉街83號,公有停車場
388,健立車業有限公司,萬華區,臺北市萬華區桂林路206號,檢驗站
389,金里車行,萬華區,臺北市萬華區桂林路244巷57號,檢驗站
390,葉山車行,萬華區,臺北市萬華區桂林路30號,檢驗站
391,青年公園高爾夫球場地下停車場,萬華區,臺北市萬華區國興路5號,公有停車場
392,勝昌機車行,萬華區,臺北市萬華區康定路108號,車行
393,得山車業有限公司,萬華區,臺北市萬華區康定路114號,檢驗站
394,大旺車行,萬華區,臺北市萬華區萬大路214號,檢驗站
395,友順機車行,萬華區,臺北市萬華區萬大路423巷26號,檢驗站
396,尚億車業有限公司,萬華區,臺北市萬華區萬大路500號,檢驗站
397,億林機車行,萬華區,臺北市萬華區艋舺大道416號,檢驗站
398,中華汽車雙園服務廠,萬華區,臺北市萬華區興寧街26號,中華汽車服務廠
399,洛陽停車場,萬華區,臺北市萬華區環河南路1段1號,公有停車場
400,聯耀機車行,萬華區,臺北市萬華區環河南路1段21號,檢驗站
401,漢中清潔分隊,萬華區,臺北市萬華區環河南路1段臨280之1號,清潔隊
402,車強機車行,萬華區,臺北市萬華區環河南路2段105號,檢驗站
403,祥和機車行,萬華區,臺北市萬華區環河南路2段117號,檢驗站
404,萬華國生車業,萬華區,臺北市萬華區環河南路2段154巷2號,車行
405,華中機車行,萬華區,臺北市萬華區雙和街75號,車行
406,永盛機車行,萬華區,臺北市萬華區環河南路2段300號1樓,檢驗站
